position_seq,position_num,amino_acid,region,disulfide_bond,sap,high_sap,sidechain_sasa,buried,pka,pka_shift,residue_sasa_sum,charge_sign,hydrophobicity_hw,hydrophobicity_eisenberg,hydrophobicity_rose,hydrophobicity_janin,hydrophobicity_engelman,Unpaired_Cys,N-linked_glycosylation,Met_oxidation,Trp_oxidation,Asn_deamidation,Asp_isomerisation,Lysine_Glycation,N-terminal_glutamate,Integrin_binding,CD11c/CD18_binding,Fragmentation,Polyreactivity,Identifier
1,1.0,Q,fwh1,False,,False,,False,,,,0.0,0.2,-0.85,0.62,-0.7,4.1,False,False,False,False,False,False,False,False,False,False,False,False,1I3V
2,2.0,V,fwh1,False,,False,,False,,,97.31170736197552,0.0,-1.5,1.08,0.86,0.6,-2.6,False,False,False,False,False,False,False,False,False,False,False,False,1I3V
3,3.0,Q,fwh1,False,,False,,False,,,0.2584018490400165,0.0,0.2,-0.85,0.62,-0.7,4.1,False,False,False,False,False,False,False,False,False,False,False,False,1I3V
4,4.0,L,fwh1,False,,False,,False,,,130.48773416442964,0.0,-1.8,1.06,0.85,0.5,-2.8,False,False,False,False,False,False,False,False,False,False,False,False,1I3V
5,5.0,Q,fwh1,False,,False,,False,,,0.28311540325581763,0.0,0.2,-0.85,0.62,-0.7,4.1,False,False,False,False,False,False,False,False,False,False,False,False,1I3V
6,6.0,E,fwh1,False,,False,,False,,,80.55786281093147,-1.0,3.0,-0.74,0.62,-0.7,8.2,False,False,False,False,False,False,False,False,False,False,False,False,1I3V
7,7.0,S,fwh1,False,,False,,False,,,0.0,0.0,0.3,-0.18,0.66,-0.1,-0.6,False,False,False,False,False,False,False,False,False,False,False,False,1I3V
8,8.0,G,fwh1,False,,False,,False,,,43.834536675153146,0.0,0.0,0.48,0.72,0.3,-1.0,False,False,False,False,False,False,False,False,False,False,False,False,1I3V
9,9.0,G,fwh1,False,,False,,False,,,0.0,0.0,0.0,0.48,0.72,0.3,-1.0,False,False,False,False,False,False,False,False,False,False,False,False,1I3V
10,11.0,G,fwh1,False,,False,,False,,,0.0,0.0,0.0,0.48,0.72,0.3,-1.0,False,False,False,False,False,False,False,False,False,False,False,False,1I3V
11,12.0,L,fwh1,False,,False,,False,,,0.0,0.0,-1.8,1.06,0.85,0.5,-2.8,False,False,False,False,False,False,False,False,False,False,False,False,1I3V
12,13.0,V,fwh1,False,,False,,False,,,98.55033326657073,0.0,-1.5,1.08,0.86,0.6,-2.6,False,False,False,False,False,False,False,False,False,False,False,False,1I3V
13,14.0,Q,fwh1,False,,False,,False,,,13.890830117113817,0.0,0.2,-0.85,0.62,-0.7,4.1,False,False,False,False,False,False,False,False,False,False,False,False,1I3V
14,15.0,A,fwh1,False,,False,,False,,,110.71007033886427,0.0,-0.5,0.62,0.74,0.3,-1.6,False,False,False,False,False,False,False,False,False,False,False,False,1I3V
15,16.0,G,fwh1,False,,False,,False,,,23.26925419509704,0.0,0.0,0.48,0.72,0.3,-1.0,False,False,False,False,False,False,False,False,False,False,False,False,1I3V
16,17.0,D,fwh1,False,,False,,False,,,0.0,-1.0,3.0,-0.9,0.62,-0.6,9.2,False,False,False,False,False,False,False,False,False,False,False,False,1I3V
17,18.0,S,fwh1,False,,False,,False,,,63.61542817456595,0.0,0.3,-0.18,0.66,-0.1,-0.6,False,False,False,False,False,False,False,False,False,False,False,False,1I3V
18,19.0,L,fwh1,False,,False,,False,,,35.14479085513341,0.0,-1.8,1.06,0.85,0.5,-2.8,False,False,False,False,False,False,False,False,False,False,False,False,1I3V
19,20.0,K,fwh1,False,,False,,False,,,31.0055989515187,1.0,3.0,-1.5,0.52,-1.8,8.8,False,False,False,False,False,False,False,False,False,False,False,False,1I3V
20,21.0,L,fwh1,False,,False,,False,,,105.89760277888007,0.0,-1.8,1.06,0.85,0.5,-2.8,False,False,False,False,False,False,False,False,False,False,False,False,1I3V
21,22.0,S,fwh1,False,,False,,False,,,0.0,0.0,0.3,-0.18,0.66,-0.1,-0.6,False,False,False,False,False,False,False,False,False,False,False,False,1I3V
22,23.0,C,fwh1,False,,False,,False,,,23.136061918015503,-1.0,-1.0,0.29,0.91,0.9,-2.0,False,False,False,False,False,False,False,False,False,False,False,False,1I3V
23,24.0,E,fwh1,False,,False,,False,,,0.0,-1.0,3.0,-0.74,0.62,-0.7,8.2,False,False,False,False,False,False,False,False,False,False,False,False,1I3V
24,25.0,A,fwh1,False,,False,,False,,,79.6633839852197,0.0,-0.5,0.62,0.74,0.3,-1.6,False,False,False,False,False,False,False,False,False,False,False,False,1I3V
25,26.0,S,fwh1,False,,False,,False,,,0.0,0.0,0.3,-0.18,0.66,-0.1,-0.6,False,False,False,False,False,False,False,False,False,False,False,False,1I3V
26,27.0,G,cdrh1,False,,False,,False,,,61.31458447414652,0.0,0.0,0.48,0.72,0.3,-1.0,False,False,False,False,False,False,False,False,False,False,False,False,1I3V
27,28.0,D,cdrh1,False,,False,,False,,,0.0,-1.0,3.0,-0.9,0.62,-0.6,9.2,False,False,False,False,False,True,False,False,False,False,False,False,1I3V
28,29.0,S,cdrh1,False,,False,,False,,,45.96478591027918,0.0,0.3,-0.18,0.66,-0.1,-0.6,False,False,False,False,False,True,False,False,False,False,False,False,1I3V
29,30.0,I,cdrh1,False,,False,,False,,,47.89067578755591,0.0,-1.8,1.38,0.88,0.7,-3.1,False,False,False,False,False,False,False,False,False,False,False,False,1I3V
30,35.0,G,cdrh1,False,,False,,False,,,0.31408566105585994,0.0,0.0,0.48,0.72,0.3,-1.0,False,False,False,False,False,False,False,False,False,False,False,False,1I3V
31,36.0,T,cdrh1,False,,False,,False,,,0.0,0.0,-0.4,-0.05,0.7,-0.2,-1.2,False,False,False,False,False,False,False,False,False,False,False,False,1I3V
32,37.0,Y,cdrh1,False,,False,,False,,,87.24310695992443,-1.0,-2.3,0.26,0.76,-0.4,0.7,False,False,False,False,False,False,False,False,False,False,False,False,1I3V
33,38.0,V,cdrh1,False,,False,,False,,,4.092780666812105,0.0,-1.5,1.08,0.86,0.6,-2.6,False,False,False,False,False,False,False,False,False,False,False,False,1I3V
34,39.0,I,fwh2,False,,False,,False,,,10.912285752565406,0.0,-1.8,1.38,0.88,0.7,-3.1,False,False,False,False,False,False,False,False,False,False,False,False,1I3V
35,40.0,G,fwh2,False,,False,,False,,,0.0339729686061551,0.0,0.0,0.48,0.72,0.3,-1.0,False,False,False,False,False,False,False,False,False,False,False,False,1I3V
36,41.0,W,fwh2,False,,False,,False,,,0.0,0.0,-3.4,0.81,0.85,0.3,-1.9,False,False,False,False,False,False,False,False,False,False,False,False,1I3V
37,42.0,F,fwh2,False,,False,,False,,,0.0,0.0,-2.5,1.19,0.88,0.5,-3.7,False,False,False,False,False,False,False,False,False,False,False,False,1I3V
38,43.0,R,fwh2,False,,False,,False,,,0.0,1.0,3.0,-2.53,0.64,-1.4,12.3,False,False,False,False,False,False,False,False,False,False,False,False,1I3V
39,44.0,Q,fwh2,False,,False,,False,,,26.053657329223643,0.0,0.2,-0.85,0.62,-0.7,4.1,False,False,False,False,False,False,False,False,False,False,False,False,1I3V
40,45.0,A,fwh2,False,,False,,False,,,53.604828615696746,0.0,-0.5,0.62,0.74,0.3,-1.6,False,False,False,False,False,False,False,False,False,False,False,False,1I3V
41,46.0,P,fwh2,False,,False,,False,,,10.053751579328104,0.0,0.0,0.12,0.64,-0.3,0.2,False,False,False,False,False,False,False,False,False,False,False,False,1I3V
42,47.0,G,fwh2,False,,False,,False,,,83.60403369403524,0.0,0.0,0.48,0.72,0.3,-1.0,False,False,False,False,False,False,False,False,False,False,False,False,1I3V
43,48.0,K,fwh2,False,,False,,False,,,0.0,1.0,3.0,-1.5,0.52,-1.8,8.8,False,False,False,False,False,False,False,False,False,False,False,False,1I3V
44,49.0,E,fwh2,False,,False,,False,,,116.97566190332458,-1.0,3.0,-0.74,0.62,-0.7,8.2,False,False,False,False,False,False,False,False,False,False,False,False,1I3V
45,50.0,R,fwh2,False,,False,,False,,,125.40126159550724,1.0,3.0,-2.53,0.64,-1.4,12.3,False,False,False,False,False,False,False,False,False,False,False,False,1I3V
46,51.0,I,fwh2,False,,False,,False,,,61.14995868077245,0.0,-1.8,1.38,0.88,0.7,-3.1,False,False,False,False,False,False,False,False,False,False,False,False,1I3V
47,52.0,Y,fwh2,False,,False,,False,,,59.844178286763345,-1.0,-2.3,0.26,0.76,-0.4,0.7,False,False,False,False,False,False,False,False,False,False,False,False,1I3V
48,53.0,L,fwh2,False,,False,,False,,,18.52635350433937,0.0,-1.8,1.06,0.85,0.5,-2.8,False,False,False,False,False,False,False,False,False,False,False,False,1I3V
49,54.0,A,fwh2,False,,False,,False,,,0.0,0.0,-0.5,0.62,0.74,0.3,-1.6,False,False,False,False,False,False,False,False,False,False,False,False,1I3V
50,55.0,T,fwh2,False,,False,,False,,,0.0,0.0,-0.4,-0.05,0.7,-0.2,-1.2,False,False,False,False,False,False,False,False,False,False,False,False,1I3V
51,56.0,I,cdrh2,False,,False,,False,,,13.802628981234948,0.0,-1.8,1.38,0.88,0.7,-3.1,False,False,False,False,False,False,False,False,False,False,False,False,1I3V
52,57.0,G,cdrh2,False,,False,,False,,,3.8607885654148073,0.0,0.0,0.48,0.72,0.3,-1.0,False,False,False,False,False,False,False,False,False,False,False,False,1I3V
53,58.0,R,cdrh2,False,,False,,False,,,0.0,1.0,3.0,-2.53,0.64,-1.4,12.3,False,False,False,False,False,False,False,False,False,False,False,False,1I3V
54,59.0,N,cdrh2,False,,False,,False,,,60.21165161919687,0.0,0.2,-0.78,0.63,-0.5,4.8,False,False,False,False,False,False,False,False,False,False,False,False,1I3V
55,60.0,L,cdrh2,False,,False,,False,,,105.37193326455119,0.0,-1.8,1.06,0.85,0.5,-2.8,False,False,False,False,False,False,False,False,False,False,False,True,1I3V
56,60.0,V,cdrh2,False,,False,,False,,,76.09942626114295,0.0,-1.5,1.08,0.86,0.6,-2.6,False,False,False,False,False,False,False,False,False,False,False,True,1I3V
57,61.0,G,cdrh2,False,,False,,False,,,73.99861598350752,0.0,0.0,0.48,0.72,0.3,-1.0,False,False,False,False,False,False,False,False,False,False,False,True,1I3V
58,61.0,P,cdrh2,False,,False,,False,,,0.0,0.0,0.0,0.12,0.64,-0.3,0.2,False,False,False,False,False,False,False,False,False,False,False,True,1I3V
59,61.0,S,cdrh2,False,,False,,False,,,107.65281054986765,0.0,0.3,-0.18,0.66,-0.1,-0.6,False,False,False,False,False,False,False,False,False,False,False,True,1I3V
60,62.0,D,cdrh2,False,,False,,False,,,73.5559225618426,-1.0,3.0,-0.9,0.62,-0.6,9.2,False,False,False,False,False,False,False,False,False,False,False,False,1I3V
61,63.0,F,cdrh2,False,,False,,False,,,85.83915121796497,0.0,-2.5,1.19,0.88,0.5,-3.7,False,False,False,False,False,False,False,False,False,False,False,False,1I3V
62,64.0,Y,cdrh2,False,,False,,False,,,36.158144619245526,-1.0,-2.3,0.26,0.76,-0.4,0.7,False,False,False,False,False,False,False,False,False,False,False,False,1I3V
63,65.0,T,cdrh2,False,,False,,False,,,81.2681212891365,0.0,-0.4,-0.05,0.7,-0.2,-1.2,False,False,False,False,False,False,False,False,False,False,False,False,1I3V
64,66.0,R,fwh3,False,,False,,False,,,38.607121683651826,1.0,3.0,-2.53,0.64,-1.4,12.3,False,False,False,False,False,False,False,False,False,False,False,False,1I3V
65,67.0,Y,fwh3,False,,False,,False,,,15.551524276827145,-1.0,-2.3,0.26,0.76,-0.4,0.7,False,False,False,False,False,False,False,False,False,False,False,False,1I3V
66,68.0,A,fwh3,False,,False,,False,,,27.09690230298826,0.0,-0.5,0.62,0.74,0.3,-1.6,False,False,False,False,False,False,False,False,False,False,False,False,1I3V
67,69.0,D,fwh3,False,,False,,False,,,14.37527835587486,-1.0,3.0,-0.9,0.62,-0.6,9.2,False,False,False,False,False,False,False,False,False,False,False,False,1I3V
68,70.0,S,fwh3,False,,False,,False,,,33.24763935462963,0.0,0.3,-0.18,0.66,-0.1,-0.6,False,False,False,False,False,False,False,False,False,False,False,False,1I3V
69,71.0,V,fwh3,False,,False,,False,,,37.55727501816253,0.0,-1.5,1.08,0.86,0.6,-2.6,False,False,False,False,False,False,False,False,False,False,False,False,1I3V
70,72.0,K,fwh3,False,,False,,False,,,0.0,1.0,3.0,-1.5,0.52,-1.8,8.8,False,False,False,False,False,False,False,False,False,False,False,False,1I3V
71,74.0,G,fwh3,False,,False,,False,,,84.95119430097472,0.0,0.0,0.48,0.72,0.3,-1.0,False,False,False,False,False,False,False,False,False,False,False,False,1I3V
72,75.0,R,fwh3,False,,False,,False,,,0.0,1.0,3.0,-2.53,0.64,-1.4,12.3,False,False,False,False,False,False,False,False,False,False,False,False,1I3V
73,76.0,F,fwh3,False,,False,,False,,,40.5729426845663,0.0,-2.5,1.19,0.88,0.5,-3.7,False,False,False,False,False,False,False,False,False,False,False,False,1I3V
74,77.0,A,fwh3,False,,False,,False,,,0.0,0.0,-0.5,0.62,0.74,0.3,-1.6,False,False,False,False,False,False,False,False,False,False,False,False,1I3V
75,78.0,V,fwh3,False,,False,,False,,,49.217490848766545,0.0,-1.5,1.08,0.86,0.6,-2.6,False,False,False,False,False,False,False,False,False,False,False,False,1I3V
76,79.0,S,fwh3,False,,False,,False,,,0.0,0.0,0.3,-0.18,0.66,-0.1,-0.6,False,False,False,False,False,False,False,False,False,False,False,False,1I3V
77,80.0,R,fwh3,False,,False,,False,,,52.353597281160205,1.0,3.0,-2.53,0.64,-1.4,12.3,False,False,False,False,False,False,False,False,False,False,False,False,1I3V
78,81.0,D,fwh3,False,,False,,False,,,0.38807113372791585,-1.0,3.0,-0.9,0.62,-0.6,9.2,False,False,False,False,False,False,False,False,False,False,False,False,1I3V
79,82.0,N,fwh3,False,,False,,False,,,48.51249752117111,0.0,0.2,-0.78,0.63,-0.5,4.8,False,False,False,False,False,False,False,False,False,False,False,False,1I3V
80,83.0,A,fwh3,False,,False,,False,,,43.59360225746614,0.0,-0.5,0.62,0.74,0.3,-1.6,False,False,False,False,False,False,False,False,False,False,False,False,1I3V
81,84.0,K,fwh3,False,,False,,False,,,55.59417619317732,1.0,3.0,-1.5,0.52,-1.8,8.8,False,False,False,False,False,False,False,False,False,False,False,False,1I3V
82,85.0,N,fwh3,False,,False,,False,,,140.45613561031155,0.0,0.2,-0.78,0.63,-0.5,4.8,False,False,False,False,False,False,False,False,False,False,False,False,1I3V
83,86.0,T,fwh3,False,,False,,False,,,35.85901465043926,0.0,-0.4,-0.05,0.7,-0.2,-1.2,False,False,False,False,False,False,False,False,False,False,False,False,1I3V
84,87.0,V,fwh3,False,,False,,False,,,13.474722569171211,0.0,-1.5,1.08,0.86,0.6,-2.6,False,False,False,False,False,False,False,False,False,False,False,False,1I3V
85,88.0,N,fwh3,False,,False,,False,,,0.0,0.0,0.2,-0.78,0.63,-0.5,4.8,False,False,False,False,False,False,False,False,False,False,False,False,1I3V
86,89.0,L,fwh3,False,,False,,False,,,23.13879353510033,0.0,-1.8,1.06,0.85,0.5,-2.8,False,False,False,False,False,False,False,False,False,False,False,False,1I3V
87,90.0,Q,fwh3,False,,False,,False,,,0.0,0.0,0.2,-0.85,0.62,-0.7,4.1,False,False,False,False,False,False,False,False,False,False,False,False,1I3V
88,91.0,M,fwh3,False,,False,,False,,,53.68057726456635,0.0,-1.3,0.64,0.85,0.4,-3.4,False,False,False,False,False,False,False,False,False,False,False,False,1I3V
89,92.0,N,fwh3,False,,False,,False,,,0.0,0.0,0.2,-0.78,0.63,-0.5,4.8,False,False,False,False,False,False,False,False,False,False,False,False,1I3V
90,93.0,S,fwh3,False,,False,,False,,,56.42009480312744,0.0,0.3,-0.18,0.66,-0.1,-0.6,False,False,False,False,False,False,False,False,False,False,False,False,1I3V
91,94.0,L,fwh3,False,,False,,False,,,57.32749183356629,0.0,-1.8,1.06,0.85,0.5,-2.8,False,False,False,False,False,False,False,False,False,False,False,False,1I3V
92,95.0,K,fwh3,False,,False,,False,,,0.0,1.0,3.0,-1.5,0.52,-1.8,8.8,False,False,False,False,False,False,False,False,False,False,False,False,1I3V
93,96.0,P,fwh3,False,,False,,False,,,98.87342076252011,0.0,0.0,0.12,0.64,-0.3,0.2,False,False,False,False,False,False,False,False,False,False,False,False,1I3V
94,97.0,E,fwh3,False,,False,,False,,,57.283215373251565,-1.0,3.0,-0.74,0.62,-0.7,8.2,False,False,False,False,False,False,False,False,False,False,False,False,1I3V
95,98.0,D,fwh3,False,,False,,False,,,116.97533050300375,-1.0,3.0,-0.9,0.62,-0.6,9.2,False,False,False,False,False,False,False,False,False,False,False,False,1I3V
96,99.0,T,fwh3,False,,False,,False,,,2.616936202980412,0.0,-0.4,-0.05,0.7,-0.2,-1.2,False,False,False,False,False,False,False,False,False,False,False,False,1I3V
97,100.0,A,fwh3,False,,False,,False,,,28.646782438077885,0.0,-0.5,0.62,0.74,0.3,-1.6,False,False,False,False,False,False,False,False,False,False,False,False,1I3V
98,101.0,V,fwh3,False,,False,,False,,,0.6147485743883273,0.0,-1.5,1.08,0.86,0.6,-2.6,False,False,False,False,False,False,False,False,False,False,False,False,1I3V
99,102.0,Y,fwh3,False,,False,,False,,,41.410838505984195,-1.0,-2.3,0.26,0.76,-0.4,0.7,False,False,False,False,False,False,False,False,False,False,False,False,1I3V
100,103.0,Y,fwh3,False,,False,,False,,,0.0,-1.0,-2.3,0.26,0.76,-0.4,0.7,False,False,False,False,False,False,False,False,False,False,False,False,1I3V
101,104.0,C,fwh3,False,,False,,False,,,31.880438811447526,-1.0,-1.0,0.29,0.91,0.9,-2.0,False,False,False,False,False,False,False,False,False,False,False,False,1I3V
102,105.0,A,cdrh3,False,,False,,False,,,0.0,0.0,-0.5,0.62,0.74,0.3,-1.6,False,False,False,False,False,False,False,False,False,False,False,False,1I3V
103,106.0,A,cdrh3,False,,False,,False,,,0.0,0.0,-0.5,0.62,0.74,0.3,-1.6,False,False,False,False,False,False,False,False,False,False,False,False,1I3V
104,107.0,K,cdrh3,False,,False,,False,,,0.3168263079220747,1.0,3.0,-1.5,0.52,-1.8,8.8,False,False,False,False,False,False,False,False,False,False,False,False,1I3V
105,108.0,T,cdrh3,False,,False,,False,,,13.162691732882205,0.0,-0.4,-0.05,0.7,-0.2,-1.2,False,False,False,False,False,False,False,False,False,False,False,False,1I3V
106,109.0,T,cdrh3,False,,False,,False,,,47.6033013726387,0.0,-0.4,-0.05,0.7,-0.2,-1.2,False,False,False,False,False,False,False,False,False,False,False,False,1I3V
107,110.0,T,cdrh3,False,,False,,False,,,72.36161064698067,0.0,-0.4,-0.05,0.7,-0.2,-1.2,False,False,False,False,False,False,False,False,False,False,False,False,1I3V
108,111.0,W,cdrh3,False,,False,,False,,,65.02791161587352,0.0,-3.4,0.81,0.85,0.3,-1.9,False,False,False,True,False,False,False,False,False,False,False,False,1I3V
109,111.0,G,cdrh3,False,,False,,False,,,110.11473943933325,0.0,0.0,0.48,0.72,0.3,-1.0,False,False,False,True,False,False,False,False,False,False,False,False,1I3V
110,111.0,G,cdrh3,False,,False,,False,,,0.0,0.0,0.0,0.48,0.72,0.3,-1.0,False,False,False,True,False,False,False,False,False,False,False,False,1I3V
111,112.0,N,cdrh3,False,,False,,False,,,0.0,0.0,0.2,-0.78,0.63,-0.5,4.8,False,False,False,False,False,False,False,False,False,False,True,False,1I3V
112,112.0,D,cdrh3,False,,False,,False,,,27.34236520360965,-1.0,3.0,-0.9,0.62,-0.6,9.2,False,False,False,False,False,False,False,False,False,False,True,False,1I3V
113,112.0,P,cdrh3,False,,False,,False,,,49.128058351247304,0.0,0.0,0.12,0.64,-0.3,0.2,False,False,False,False,False,False,False,False,False,False,True,False,1I3V
114,113.0,N,cdrh3,False,,False,,False,,,31.992045597186262,0.0,0.2,-0.78,0.63,-0.5,4.8,False,False,False,False,False,False,False,False,False,False,False,False,1I3V
115,114.0,N,cdrh3,False,,False,,False,,,81.9741701865444,0.0,0.2,-0.78,0.63,-0.5,4.8,False,False,False,False,False,False,False,False,False,False,False,False,1I3V
116,115.0,W,cdrh3,False,,False,,False,,,85.15847589436996,0.0,-3.4,0.81,0.85,0.3,-1.9,False,False,False,True,False,False,False,False,False,False,False,False,1I3V
117,116.0,N,cdrh3,False,,False,,False,,,4.64935934713517,0.0,0.2,-0.78,0.63,-0.5,4.8,False,False,False,False,False,False,False,False,False,False,False,False,1I3V
118,117.0,Y,cdrh3,False,,False,,False,,,49.90108212579709,-1.0,-2.3,0.26,0.76,-0.4,0.7,False,False,False,False,False,False,False,False,False,False,False,False,1I3V
119,118.0,W,fwh4,False,,False,,False,,,55.54979820287679,0.0,-3.4,0.81,0.85,0.3,-1.9,False,False,False,True,False,False,False,False,False,False,False,False,1I3V
120,119.0,G,fwh4,False,,False,,False,,,56.96586642591475,0.0,0.0,0.48,0.72,0.3,-1.0,False,False,False,False,False,False,False,False,False,False,False,False,1I3V
121,120.0,Q,fwh4,False,,False,,False,,,0.0,0.0,0.2,-0.85,0.62,-0.7,4.1,False,False,False,False,False,False,False,False,False,False,False,False,1I3V
122,121.0,G,fwh4,False,,False,,False,,,112.36648419802637,0.0,0.0,0.48,0.72,0.3,-1.0,False,False,False,False,False,False,False,False,False,False,False,False,1I3V
123,122.0,T,fwh4,False,,False,,False,,,0.0,0.0,-0.4,-0.05,0.7,-0.2,-1.2,False,False,False,False,False,False,False,False,False,False,False,False,1I3V
124,123.0,Q,fwh4,False,,False,,False,,,9.433714733029237,0.0,0.2,-0.85,0.62,-0.7,4.1,False,False,False,False,False,False,False,False,False,False,False,False,1I3V
125,124.0,V,fwh4,False,,False,,False,,,81.18205074410707,0.0,-1.5,1.08,0.86,0.6,-2.6,False,False,False,False,False,False,False,False,False,False,False,False,1I3V
126,125.0,T,fwh4,False,,False,,False,,,0.0,0.0,-0.4,-0.05,0.7,-0.2,-1.2,False,False,False,False,False,False,False,False,False,False,False,False,1I3V
127,126.0,V,fwh4,False,,False,,False,,,47.48356843526602,0.0,-1.5,1.08,0.86,0.6,-2.6,False,False,False,False,False,False,False,False,False,False,False,False,1I3V
128,127.0,S,fwh4,False,,False,,False,,,0.0,0.0,0.3,-0.18,0.66,-0.1,-0.6,False,False,False,False,False,False,False,False,False,False,False,False,1I3V
129,128.0,S,fwh4,False,,False,,False,,,39.168859911422416,0.0,0.3,-0.18,0.66,-0.1,-0.6,False,False,False,False,False,False,False,False,False,False,False,False,1I3V
