position_seq,position_num,amino_acid,region,disulfide_bond,sap,high_sap,sidechain_sasa,buried,pka,pka_shift,residue_sasa_sum,SASA,RASA,EXP_HSE_B_U,EXP_HSE_B_D,EXP_HSE_A_U,EXP_HSE_A_D,hydrophobicity,mean_IP,max_IP,min_IP,mean_dpx,CA_x,CA_y,CA_z,residue_name_U,charge,charge_sign,hydrophobicity_hw,hydrophobicity_eisenberg,hydrophobicity_rose,hydrophobicity_janin,hydrophobicity_engelman,Unpaired_Cys,N-linked_glycosylation,Met_oxidation,Trp_oxidation,Asn_deamidation,Asp_isomerisation,Lysine_Glycation,N-terminal_glutamate,Integrin_binding,CD11c/CD18_binding,Fragmentation,Polyreactivity,Identifier
1,1.0,S,fwl1,False,0.3340728858722501,False,67.93125534449653,False,,,120.2375111978602,162.3,140.763,7.0,10.0,,,-0.8,0.633,0.263,1.29,1.449,6.084000110626221,-11.262999534606934,-12.494000434875488,SER,0.0,0.0,0.3,-0.18,0.66,-0.1,-0.6,False,False,False,False,False,False,False,False,False,False,False,False,B10_1_H
2,2.0,Y,fwl1,False,0.09933664332937925,False,21.10903670749309,False,,,15.765190400154347,29.73,13.944,19.0,4.0,17.0,6.0,-1.3,-0.241,-0.391,0.032,2.535,7.196000099182129,-7.51800012588501,-12.217000007629395,TYR,0.0,-1.0,-2.3,0.26,0.76,-0.4,0.7,False,False,False,False,False,False,False,False,False,False,False,False,B10_1_H
3,3.0,V,fwl1,False,0.6317658216168641,True,89.59588015657346,False,,,95.29502018274961,108.33,72.539,3.0,21.0,3.0,21.0,4.2,0.169,-0.195,0.797,1.565,9.878999710083008,-7.295000076293945,-9.510000228881836,VAL,0.0,0.0,-1.5,1.08,0.86,0.6,-2.6,False,False,False,False,False,False,False,False,False,False,False,False,B10_1_H
4,4.0,L,fwl1,False,0.0,False,0.0,True,,,0.4628547004486782,8.98,5.049,24.0,11.0,24.0,11.0,3.8,-0.368,-0.466,-0.153,3.408,10.484999656677246,-4.230999946594238,-7.251999855041504,LEU,0.0,0.0,-1.8,1.06,0.85,0.5,-2.8,False,False,False,False,False,False,False,False,False,False,False,False,B10_1_H
5,5.0,T,fwl1,False,0.402104557854596,False,83.10160862328317,False,,,79.53712981076714,99.33,72.721,5.0,22.0,4.0,23.0,-0.7,-0.023,-0.286,0.408,1.683,13.907999992370605,-4.185999870300293,-5.638999938964844,THR,0.0,0.0,-0.4,-0.05,0.7,-0.2,-1.2,False,False,False,False,False,False,False,False,False,False,False,False,B10_1_H
6,6.0,Q,fwl1,False,1.95172136106575e-05,False,0.011197126533604303,False,,,0.0,12.19,6.849,24.0,7.0,25.0,6.0,-3.5,-0.333,-0.466,0.042,2.811,14.656000137329102,-2.0220000743865967,-2.492000102996826,GLN,0.0,0.0,0.2,-0.85,0.62,-0.7,4.1,False,False,False,False,False,False,False,False,False,False,False,False,B10_1_H
7,7.0,P,fwl1,False,0.21709174018864535,False,32.05996163123454,False,,,55.844471526140765,39.93,29.848,9.0,14.0,6.0,17.0,-1.6,-0.092,-0.303,0.198,1.85,17.496999740600586,-1.9049999713897705,-0.07400000095367432,PRO,0.0,0.0,0.0,0.12,0.64,-0.3,0.2,False,False,False,False,False,False,False,False,False,False,False,False,B10_1_H
8,8.0,P,fwl1,False,0.684269941787693,True,101.05252304881542,False,,,0.0,125.58,93.871,0.0,22.0,7.0,15.0,-1.6,0.378,-0.04,1.105,1.567,16.520000457763672,-3.7060000896453857,3.0920000076293945,PRO,0.0,0.0,0.0,0.12,0.64,-0.3,0.2,False,False,False,False,False,False,False,False,False,False,False,False,B10_1_H
9,9.0,S,fwl1,False,0.3102906084021505,False,63.09530477258214,False,,,0.0,77.35,67.086,3.0,19.0,8.0,14.0,-0.8,0.137,-0.094,0.468,1.725,17.64900016784668,-0.8939999938011169,5.499000072479248,SER,0.0,0.0,0.3,-0.18,0.66,-0.1,-0.6,False,False,False,False,False,False,False,False,False,False,False,False,B10_1_H
10,11.0,V,fwl1,False,0.18757086958169022,False,26.600959686130615,False,,,0.0,32.28,21.615,18.0,8.0,13.0,13.0,4.2,-0.249,-0.367,-0.065,1.959,18.867000579833984,2.924999952316284,5.058000087738037,VAL,0.0,0.0,-1.5,1.08,0.86,0.6,-2.6,False,False,False,False,False,False,False,False,False,False,False,False,B10_1_H
11,12.0,S,fwl1,False,0.21494933537083644,False,43.70836067429265,False,,,96.0887414203089,78.61,68.179,1.0,24.0,4.0,21.0,-0.8,0.018,-0.16,0.38,1.79,20.322999954223633,4.98199987411499,7.909999847412109,SER,0.0,0.0,0.3,-0.18,0.66,-0.1,-0.6,False,False,False,False,False,False,False,False,False,False,False,False,B10_1_H
12,13.0,V,fwl1,False,0.06521096240181677,False,9.248100122439471,False,,,12.406048345889154,16.14,10.808,19.0,6.0,14.0,11.0,4.2,-0.272,-0.437,-0.086,2.494,20.514999389648438,8.758999824523926,7.916999816894531,VAL,0.0,0.0,-1.5,1.08,0.86,0.6,-2.6,False,False,False,False,False,False,False,False,False,False,False,False,B10_1_H
13,14.0,A,fwl1,False,0.38467622022398335,False,41.83978369319299,False,,,120.86492617065866,50.48,47.072,1.0,19.0,1.0,19.0,1.8,0.109,-0.142,0.447,1.93,21.291000366210938,11.458999633789062,10.571999549865723,ALA,0.0,0.0,-0.5,0.62,0.74,0.3,-1.6,False,False,False,False,False,False,False,False,False,False,False,False,B10_1_H
14,15.0,P,fwl1,False,0.41449263316642687,False,61.21199223976769,False,,,48.1178535162639,75.28,56.271,4.0,16.0,9.0,11.0,-1.6,0.089,-0.183,0.362,1.75,18.70199966430664,13.925000190734863,11.496000289916992,PRO,0.0,0.0,0.0,0.12,0.64,-0.3,0.2,False,False,False,False,False,False,False,False,False,False,False,False,B10_1_H
15,16.0,G,fwl1,False,0.0,False,0.0,False,,,0.0,49.34,61.261,0.0,17.0,2.0,15.0,-0.4,0.043,-0.078,0.24,1.528,18.597000122070312,16.860000610351562,9.317999839782715,GLY,0.0,0.0,0.0,0.48,0.72,0.3,-1.0,False,False,False,False,False,False,False,False,False,False,False,False,B10_1_H
16,17.0,Q,fwl1,False,0.18867610112130823,False,108.24445642019276,False,,,0.0,120.97,67.964,8.0,11.0,4.0,15.0,-3.5,0.18,-0.25,1.541,1.735,20.187999725341797,15.024999618530273,6.480999946594238,GLN,0.0,0.0,0.2,-0.85,0.62,-0.7,4.1,False,False,False,False,False,False,False,False,False,False,False,False,B10_1_H
17,18.0,T,fwl1,False,0.1808204270029647,False,37.36955491394603,False,,,42.076264763678395,49.39,36.159,7.0,16.0,8.0,15.0,-0.7,-0.104,-0.253,0.198,1.9,18.6299991607666,13.868000030517578,3.2820000648498535,THR,0.0,0.0,-0.4,-0.05,0.7,-0.2,-1.2,False,False,False,False,False,False,False,False,False,False,False,False,B10_1_H
18,19.0,A,fwl1,False,0.0,False,0.0,True,,,31.8729542069371,2.55,2.378,24.0,9.0,18.0,15.0,1.8,-0.394,-0.474,-0.301,2.769,17.698999404907227,10.23799991607666,2.8450000286102295,ALA,0.0,0.0,-0.5,0.62,0.74,0.3,-1.6,False,False,False,False,False,False,False,False,False,False,False,False,B10_1_H
19,20.0,R,fwl1,False,0.0,False,146.0662214607818,False,,,119.45962856477855,179.26,76.932,5.0,26.0,8.0,23.0,-4.0,0.037,-0.332,1.423,1.646,17.472000122070312,8.506999969482422,-0.4650000035762787,ARG,1.0,1.0,3.0,-2.53,0.64,-1.4,12.3,False,False,False,False,False,False,False,False,False,False,False,False,B10_1_H
20,21.0,I,fwl1,False,0.0,False,0.0,True,,,0.0,0.0,0.0,27.0,12.0,23.0,16.0,4.5,-0.456,-0.533,-0.365,4.223,15.529999732971191,5.334000110626221,-0.8899999856948853,ILE,0.0,0.0,-1.8,1.38,0.88,0.7,-3.1,False,False,False,False,False,False,False,False,False,False,False,False,B10_1_H
21,22.0,T,fwl1,False,0.2934213322683899,False,60.640408668800575,False,,,27.907293493976077,62.81,45.984,7.0,29.0,5.0,31.0,-0.7,-0.193,-0.359,0.091,1.871,15.89900016784668,3.486999988555908,-4.184999942779541,THR,0.0,0.0,-0.4,-0.05,0.7,-0.2,-1.2,False,False,False,False,False,False,False,False,False,False,False,False,B10_1_H
22,23.0,C,fwl1,False,0.0,False,0.0,True,,,0.0,0.0,0.0,27.0,13.0,23.0,17.0,2.5,-0.424,-0.487,-0.349,3.657,13.324000358581543,1.409999966621399,-5.947999954223633,CYS,0.0,-1.0,-1.0,0.29,0.91,0.9,-2.0,False,False,False,False,False,False,False,False,False,False,False,False,B10_1_H
23,24.0,G,fwl1,False,0.0,False,0.0,False,,,47.38624286309745,22.18,27.539,4.0,28.0,3.0,29.0,-0.4,-0.245,-0.303,-0.149,1.553,14.630000114440918,-0.6990000009536743,-9.043999671936035,GLY,0.0,0.0,0.0,0.48,0.72,0.3,-1.0,False,False,False,False,False,False,False,False,False,False,False,False,B10_1_H
24,25.0,G,fwl1,False,0.0,False,0.0,True,,,0.3241036713924588,3.4,4.222,25.0,7.0,21.0,11.0,-0.4,-0.224,-0.323,-0.139,1.884,12.340999603271484,-2.184000015258789,-12.006999969482422,GLY,0.0,0.0,0.0,0.48,0.72,0.3,-1.0,False,False,False,False,False,False,False,False,False,False,False,False,B10_1_H
25,26.0,D,fwl1,False,0.029009987270343728,False,109.82352323772983,False,,,49.074488925693586,108.45,75.281,3.0,18.0,3.0,18.0,-3.5,0.181,-0.082,0.895,1.62,12.838000297546387,-3.0899999141693115,-15.1899995803833,ASP,-1.0,-1.0,3.0,-0.9,0.62,-0.6,9.2,False,False,False,False,False,False,False,False,False,False,False,False,B10_1_H
26,27.0,S,cdrl1,False,0.33262675948425463,False,67.63719621824677,False,,,0.0,78.57,68.144,3.0,18.0,2.0,19.0,-0.8,0.219,-0.078,0.737,1.654,11.335000038146973,-0.19599999487400055,-17.447999954223633,SER,0.0,0.0,0.3,-0.18,0.66,-0.1,-0.6,False,False,False,False,False,False,False,False,False,False,False,False,B10_1_H
27,28.0,L,cdrl1,False,0.0,False,0.0,True,,,7.470656651390543,0.0,0.0,25.0,7.0,24.0,8.0,3.8,-0.363,-0.474,-0.094,4.593,10.012999534606934,1.3830000162124634,-14.211999893188477,LEU,0.0,0.0,-1.8,1.06,0.85,0.5,-2.8,False,False,False,False,False,False,False,False,False,False,False,False,B10_1_H
28,29.0,G,cdrl1,False,0.0,False,0.0,False,,,73.98543136946199,35.33,43.866,5.0,17.0,10.0,12.0,-0.4,-0.035,-0.132,0.085,1.562,10.072999954223633,4.922999858856201,-15.942999839782715,GLY,0.0,0.0,0.0,0.48,0.72,0.3,-1.0,False,False,False,False,False,False,False,False,False,False,False,False,B10_1_H
29,36.0,S,cdrl1,False,0.22690188778051307,False,46.138823977653075,False,,,0.5999273911949469,86.08,74.657,5.0,15.0,1.0,19.0,-0.8,0.143,-0.026,0.447,1.514,7.026000022888184,4.0229997634887695,-17.874000549316406,SER,0.0,0.0,0.3,-0.18,0.66,-0.1,-0.6,False,False,False,False,False,False,False,False,False,False,False,False,B10_1_H
30,37.0,K,cdrl1,False,0.028886751973666604,False,17.046245864319165,False,,,43.31438621454474,14.8,7.546,19.0,12.0,14.0,17.0,-3.9,-0.259,-0.382,-0.094,1.894,4.938000202178955,3.2829999923706055,-14.859999656677246,LYS,1.0,1.0,3.0,-1.5,0.52,-1.8,8.8,False,False,False,False,False,False,False,False,False,False,False,False,B10_1_H
31,38.0,I,cdrl1,False,0.38473785150750184,False,57.11908718032902,False,,,41.86356317961676,67.96,39.193,10.0,21.0,9.0,22.0,4.5,-0.211,-0.399,0.145,1.787,3.6540000438690186,5.454999923706055,-12.442000389099121,ILE,0.0,0.0,-1.8,1.38,0.88,0.7,-3.1,False,False,False,False,False,False,False,False,False,False,False,False,B10_1_H
32,39.0,V,fwl2,False,0.0004903032959068847,False,0.06953392196497639,True,,,47.26311576768014,0.0,0.0,25.0,20.0,27.0,18.0,4.2,-0.478,-0.526,-0.399,5.016,5.331999778747559,4.826000213623047,-8.822999954223633,VAL,0.0,0.0,-1.5,1.08,0.86,0.6,-2.6,False,False,False,False,False,False,False,False,False,False,False,False,B10_1_H
33,40.0,H,fwl2,False,0.02526511611442309,False,23.12140929259325,False,,,22.504651502537627,17.35,9.589,18.0,24.0,17.0,25.0,-3.2,-0.475,-0.524,-0.367,3.103,3.8469998836517334,5.414000034332275,-5.447000026702881,HIS,0.1,1.0,-0.5,-0.4,0.78,-0.1,3.0,False,False,False,False,False,False,False,False,False,False,False,False,B10_1_H
34,41.0,W,fwl2,False,0.0017837788489530836,False,0.4408656152879489,True,,,0.0,0.0,0.0,26.0,20.0,26.0,20.0,-0.9,-0.522,-0.542,-0.475,6.88,5.461999893188477,5.432000160217285,-2.072999954223633,TRP,0.0,0.0,-3.4,0.81,0.85,0.3,-1.9,False,False,False,True,False,False,False,False,False,False,False,False,B10_1_H
35,42.0,Y,fwl2,False,0.005770476709445525,False,1.226226300757174,True,,,6.313838408725212,0.0,0.0,19.0,22.0,17.0,24.0,-1.3,-0.492,-0.527,-0.456,4.922,4.014999866485596,4.4770002365112305,1.2359999418258667,TYR,0.0,-1.0,-2.3,0.26,0.76,-0.4,0.7,False,False,False,False,False,False,False,False,False,False,False,False,B10_1_H
36,43.0,Q,fwl2,False,0.034296962809416284,False,19.676345197434042,False,,,0.0,19.25,10.815,13.0,22.0,13.0,22.0,-3.5,-0.427,-0.48,-0.336,2.577,5.160999774932861,5.206999778747559,4.757999897003174,GLN,0.0,0.0,0.2,-0.85,0.62,-0.7,4.1,False,False,False,False,False,False,False,False,False,False,False,False,B10_1_H
37,44.0,Q,fwl2,False,0.024559224730474272,False,14.089754427045001,True,,,4.127699468595374,13.41,7.534,20.0,11.0,16.0,15.0,-3.5,-0.367,-0.427,-0.301,2.263,4.364999771118164,2.680000066757202,7.52400016784668,GLN,0.0,0.0,0.2,-0.85,0.62,-0.7,4.1,False,False,False,False,False,False,False,False,False,False,False,False,B10_1_H
38,45.0,K,fwl2,False,0.11738287035786761,False,69.26833692496075,False,,,13.398200858328678,79.0,40.277,6.0,16.0,7.0,15.0,-3.9,-0.057,-0.225,0.279,1.595,5.2129998207092285,3.3519999980926514,11.104000091552734,LYS,1.0,1.0,3.0,-1.5,0.52,-1.8,8.8,False,False,False,False,False,False,False,False,False,False,False,False,B10_1_H
39,46.0,P,fwl2,False,0.6253428740800637,True,92.35021347173938,False,,,21.200322966353173,121.78,91.03,7.0,13.0,9.0,11.0,-1.6,0.244,-0.109,0.708,1.536,5.317999839782715,0.4959999918937683,13.536999702453613,PRO,0.0,0.0,0.0,0.12,0.64,-0.3,0.2,False,False,False,False,False,False,False,False,False,False,False,False,B10_1_H
40,47.0,G,fwl2,False,0.0,False,0.0,False,,,28.249202705790623,102.94,127.812,0.0,16.0,5.0,11.0,-0.4,0.49,0.255,1.063,1.491,1.7109999656677246,-0.7020000219345093,14.678999900817871,GLY,0.0,0.0,0.0,0.48,0.72,0.3,-1.0,False,False,False,False,False,False,False,False,False,False,False,False,B10_1_H
41,48.0,Q,fwl2,False,0.16635266251245345,False,95.43738407088964,False,,,66.0199221900687,112.45,63.178,9.0,10.0,4.0,15.0,-3.5,0.214,-0.214,1.171,1.564,0.09099999815225601,1.6679999828338623,12.071999549865723,GLN,0.0,0.0,0.2,-0.85,0.62,-0.7,4.1,False,False,False,False,False,False,False,False,False,False,False,False,B10_1_H
42,49.0,A,fwl2,False,0.10775226937596126,False,11.719808519787994,False,,,0.0,20.61,19.219,19.0,13.0,18.0,14.0,1.8,-0.25,-0.33,-0.048,1.786,-1.4800000190734863,1.2929999828338623,8.62600040435791,ALA,0.0,0.0,-0.5,0.62,0.74,0.3,-1.6,False,False,False,False,False,False,False,False,False,False,False,False,B10_1_H
43,50.0,P,fwl2,False,0.0,False,0.0,True,,,131.0055775103949,0.0,0.0,24.0,13.0,22.0,15.0,-1.6,-0.426,-0.464,-0.351,3.935,0.5580000281333923,2.5490000247955322,5.567999839782715,PRO,0.0,0.0,0.0,0.12,0.64,-0.3,0.2,False,False,False,False,False,False,False,False,False,False,False,False,B10_1_H
44,51.0,V,fwl2,False,0.4980131159894003,False,70.62731463122404,False,,,0.0,74.62,49.967,13.0,19.0,10.0,22.0,4.2,-0.306,-0.438,-0.09,2.028,0.1940000057220459,6.02400016784668,4.565000057220459,VAL,0.0,0.0,-1.5,1.08,0.86,0.6,-2.6,False,False,False,False,False,False,False,False,False,False,False,False,B10_1_H
45,52.0,L,fwl2,False,0.05580780224428417,False,8.107814323930999,True,,,0.0,11.04,6.207,21.0,16.0,20.0,17.0,3.8,-0.437,-0.493,-0.347,2.54,0.5099999904632568,7.349999904632568,1.0829999446868896,LEU,0.0,0.0,-1.8,1.06,0.85,0.5,-2.8,False,False,False,False,False,False,False,False,False,False,False,False,B10_1_H
46,53.0,V,fwl2,False,0.015707965626404356,False,2.2276751251991636,True,,,64.2410407023337,1.7,1.138,20.0,19.0,16.0,23.0,4.2,-0.465,-0.505,-0.413,3.482,3.315999984741211,9.994999885559082,0.6570000052452087,VAL,0.0,0.0,-1.5,1.08,0.86,0.6,-2.6,False,False,False,False,False,False,False,False,False,False,False,True,B10_1_H
47,54.0,V,fwl2,False,0.00040768080119597306,False,0.05781654998779255,True,,,5.316328565042297,0.0,0.0,23.0,19.0,20.0,22.0,4.2,-0.48,-0.521,-0.426,5.47,4.080999851226807,9.963000297546387,-2.928999900817871,VAL,0.0,0.0,-1.5,1.08,0.86,0.6,-2.6,False,False,False,False,False,False,False,False,False,False,False,True,B10_1_H
48,55.0,Y,fwl2,False,0.12243403091106125,False,26.01723156860052,False,,,0.18145737657438776,24.08,11.294,13.0,25.0,17.0,21.0,-1.3,-0.35,-0.468,-0.094,2.793,2.128999948501587,8.928999900817871,-5.960999965667725,TYR,0.0,-1.0,-2.3,0.26,0.76,-0.4,0.7,False,False,False,False,False,False,False,False,False,False,False,False,B10_1_H
49,56.0,D,cdrl2,False,0.005122071743626502,False,19.390700172300328,False,,,0.0,25.42,17.645,8.0,25.0,10.0,23.0,-3.5,-0.216,-0.396,-0.031,2.217,2.6760001182556152,9.36400032043457,-9.687999725341797,ASP,-1.0,-1.0,3.0,-0.9,0.62,-0.6,9.2,False,False,False,False,False,True,False,False,False,False,False,False,B10_1_H
50,57.0,D,cdrl2,False,0.007769380426634033,False,29.412654472257408,False,,,13.046738306466652,28.41,19.721,10.0,24.0,20.0,14.0,-3.5,-0.319,-0.418,-0.18,2.594,6.434999942779541,9.333999633789062,-9.184000015258789,ASP,-1.0,-1.0,3.0,-0.9,0.62,-0.6,9.2,False,False,False,False,False,True,False,False,False,False,False,False,B10_1_H
51,65.0,A,cdrl2,False,0.3629488925703597,False,39.47658409450341,False,,,3.4179241042302984,52.74,49.179,6.0,25.0,12.0,19.0,1.8,-0.191,-0.312,0.027,1.714,6.433000087738037,12.673999786376953,-7.591000080108643,ALA,0.0,0.0,-0.5,0.62,0.74,0.3,-1.6,False,False,False,False,False,False,False,False,False,False,False,False,B10_1_H
52,66.0,A,fwl3,False,0.23323008629002073,False,25.36755808673927,False,,,27.592620538795032,35.68,33.271,9.0,18.0,5.0,22.0,1.8,-0.212,-0.353,-0.026,1.986,3.009999990463257,13.97700023651123,-6.705999851226807,ALA,0.0,0.0,-0.5,0.62,0.74,0.3,-1.6,False,False,False,False,False,False,False,False,False,False,False,False,B10_1_H
53,67.0,R,fwl3,False,0.0,False,69.9931431202461,False,,,0.0,97.67,41.917,10.0,19.0,15.0,14.0,-4.0,-0.146,-0.351,0.478,1.955,2.309999942779541,14.626999855041504,-3.0869998931884766,ARG,1.0,1.0,3.0,-2.53,0.64,-1.4,12.3,False,False,False,False,False,False,False,False,False,False,False,False,B10_1_H
54,68.0,P,fwl3,False,0.13346900299451914,False,19.710612256574557,False,,,66.76575505693162,16.14,12.065,14.0,11.0,15.0,10.0,-1.6,-0.266,-0.398,-0.07,2.139,-1.1759999990463257,14.265999794006348,-1.4520000219345093,PRO,0.0,0.0,0.0,0.12,0.64,-0.3,0.2,False,False,False,False,False,False,False,False,False,False,False,False,B10_1_H
55,69.0,S,fwl3,False,0.40555111671406,False,82.46582596135482,False,,,0.0,130.42,113.114,1.0,13.0,0.0,14.0,-0.8,0.539,0.085,1.481,1.519,-2.4210000038146973,17.19099998474121,0.5040000081062317,SER,0.0,0.0,0.3,-0.18,0.66,-0.1,-0.6,False,False,False,False,False,False,False,False,False,False,False,False,B10_1_H
56,70.0,G,fwl3,False,0.0,False,0.0,False,,,0.0,78.48,97.442,4.0,9.0,0.0,13.0,-0.4,0.532,0.263,0.948,1.532,-1.0420000553131104,16.948999404907227,3.9619998931884766,GLY,0.0,0.0,0.0,0.48,0.72,0.3,-1.0,False,False,False,False,False,False,False,False,False,False,False,False,B10_1_H
57,71.0,I,fwl3,False,0.14218733397093752,False,21.10946633714873,False,,,44.815043321917045,29.81,17.191,16.0,5.0,16.0,5.0,4.5,-0.207,-0.383,0.097,2.054,2.2769999504089355,15.447999954223633,2.934000015258789,ILE,0.0,0.0,-1.8,1.38,0.88,0.7,-3.1,False,False,False,False,False,False,False,False,False,False,False,False,B10_1_H
58,72.0,P,fwl3,False,0.3154611018768104,False,46.587082555647115,False,,,35.173567566700314,60.31,45.081,9.0,11.0,5.0,15.0,-1.6,-0.061,-0.219,0.151,1.797,5.139999866485596,17.9060001373291,3.6510000228881836,PRO,0.0,0.0,0.0,0.12,0.64,-0.3,0.2,False,False,False,False,False,False,False,False,False,False,False,False,B10_1_H
59,74.0,E,fwl3,False,0.0394533573291183,False,126.61775142833316,False,,,78.8946272943271,140.42,81.863,0.0,19.0,6.0,13.0,-3.5,0.286,-0.109,1.395,1.663,7.164000034332275,19.190000534057617,0.8669999837875366,GLU,-1.0,-1.0,3.0,-0.74,0.62,-0.7,8.2,False,False,False,False,False,False,False,False,False,False,False,False,B10_1_H
60,75.0,R,fwl3,False,0.0,False,29.1359782295457,False,,,26.756250907172657,32.28,13.853,11.0,13.0,11.0,13.0,-4.0,-0.19,-0.383,0.069,2.201,10.255999565124512,17.28499984741211,2.4809999465942383,ARG,1.0,1.0,3.0,-2.53,0.64,-1.4,12.3,False,False,False,False,False,False,False,False,False,False,False,False,B10_1_H
61,76.0,F,fwl3,False,0.04592566005056172,False,8.036990508848302,True,,,10.646921022830803,5.95,2.961,18.0,17.0,20.0,15.0,2.8,-0.415,-0.505,-0.289,2.945,9.13700008392334,14.305999755859375,0.7929999828338623,PHE,0.0,0.0,-2.5,1.19,0.88,0.5,-3.7,False,False,False,False,False,False,False,False,False,False,False,False,B10_1_H
62,77.0,S,fwl3,False,0.20381994850528898,False,41.445282008039264,False,,,108.6483122729876,38.67,33.539,10.0,21.0,4.0,27.0,-0.8,-0.292,-0.421,-0.098,2.001,9.894000053405762,14.142999649047852,-2.943000078201294,SER,0.0,0.0,0.3,-0.18,0.66,-0.1,-0.6,False,False,False,False,False,False,False,False,False,False,False,False,B10_1_H
63,78.0,G,fwl3,False,0.0,False,0.0,False,,,32.212979002304166,7.5,9.312,17.0,16.0,22.0,11.0,-0.4,-0.323,-0.396,-0.156,2.049,9.925999641418457,11.364999771118164,-5.431000232696533,GLY,0.0,0.0,0.0,0.48,0.72,0.3,-1.0,False,False,False,False,False,False,False,False,False,False,False,False,B10_1_H
64,79.0,S,fwl3,False,0.2890660539871325,False,58.779448303790176,False,,,0.18947081320663786,67.28,58.352,10.0,23.0,4.0,29.0,-0.8,-0.134,-0.338,0.171,1.655,11.887999534606934,10.810999870300293,-8.746999740600586,SER,0.0,0.0,0.3,-0.18,0.66,-0.1,-0.6,False,False,False,False,False,False,False,False,False,False,False,False,B10_1_H
65,80.0,N,fwl3,False,0.0005264275209294226,False,0.25206063502129133,False,,,122.93432363748357,26.93,17.852,21.0,13.0,27.0,7.0,-3.5,-0.257,-0.391,0.012,2.11,11.390999794006348,8.031000137329102,-11.331000328063965,ASN,0.0,0.0,0.2,-0.78,0.63,-0.5,4.8,False,False,False,False,False,False,False,False,False,False,False,False,B10_1_H
66,83.0,S,fwl3,False,0.3557342149188024,False,72.33592671050857,False,,,0.0,82.46,71.518,1.0,21.0,2.0,20.0,-0.8,0.264,-0.04,0.722,1.59,13.574000358581543,7.474999904632568,-14.510000228881836,SER,0.0,0.0,0.3,-0.18,0.66,-0.1,-0.6,False,False,False,False,False,False,False,False,False,False,False,False,B10_1_H
67,84.0,G,fwl3,False,0.0,False,0.0,False,,,20.75999369317458,62.81,77.986,2.0,14.0,0.0,16.0,-0.4,0.384,0.126,0.641,1.491,15.218000411987305,4.7129998207092285,-16.66200065612793,GLY,0.0,0.0,0.0,0.48,0.72,0.3,-1.0,False,False,False,False,False,False,False,False,False,False,False,False,B10_1_H
68,85.0,N,fwl3,False,0.17715184054584646,False,84.82270331220614,False,,,0.0,99.15,65.728,4.0,17.0,8.0,13.0,-3.5,0.281,-0.124,1.217,1.767,15.218000411987305,1.6419999599456787,-14.192000389099121,ASN,0.0,0.0,0.2,-0.78,0.63,-0.5,4.8,False,False,False,False,False,False,False,False,False,False,False,False,B10_1_H
69,86.0,T,fwl3,False,0.27567738506729295,False,56.97332624724055,False,,,66.7830732278986,61.41,44.959,6.0,23.0,9.0,20.0,-0.7,-0.087,-0.219,0.255,1.728,15.26099967956543,3.3440001010894775,-10.772000312805176,THR,0.0,0.0,-0.4,-0.05,0.7,-0.2,-1.2,False,False,False,False,False,False,False,False,False,False,False,False,B10_1_H
70,87.0,A,fwl3,False,0.002416346733855549,False,0.26281693371480813,True,,,0.0,0.0,0.0,28.0,12.0,27.0,13.0,1.8,-0.407,-0.471,-0.31,3.391,12.661999702453613,5.460999965667725,-8.767000198364258,ALA,0.0,0.0,-0.5,0.62,0.74,0.3,-1.6,False,False,False,False,False,False,False,False,False,False,False,False,B10_1_H
71,88.0,T,fwl3,False,0.11459610450480483,False,23.683194930992997,False,,,44.58966498008505,24.86,18.2,7.0,30.0,11.0,26.0,-0.7,-0.28,-0.398,-0.053,2.209,13.859000205993652,7.4029998779296875,-5.7220001220703125,THR,0.0,0.0,-0.4,-0.05,0.7,-0.2,-1.2,False,False,False,False,False,False,False,False,False,False,False,False,B10_1_H
72,89.0,L,fwl3,False,0.0,False,0.0,True,,,3.3050280945583577,0.0,0.0,22.0,18.0,23.0,17.0,3.8,-0.495,-0.531,-0.415,5.447,12.206999778747559,8.711999893188477,-2.569999933242798,LEU,0.0,0.0,-1.8,1.06,0.85,0.5,-2.8,False,False,False,False,False,False,False,False,False,False,False,False,B10_1_H
73,90.0,T,fwl3,False,0.13599538786834925,False,28.105713492792177,False,,,39.923762578565686,23.79,17.417,11.0,21.0,8.0,24.0,-0.7,-0.289,-0.434,-0.053,2.423,13.951000213623047,11.607000350952148,-1.1059999465942383,THR,0.0,0.0,-0.4,-0.05,0.7,-0.2,-1.2,False,False,False,False,False,False,False,False,False,False,False,False,B10_1_H
74,91.0,I,fwl3,False,0.0,False,0.0,True,,,37.02223678667388,0.0,0.0,25.0,14.0,23.0,16.0,4.5,-0.469,-0.53,-0.382,5.299,13.40999984741211,12.906000137329102,2.4110000133514404,ILE,0.0,0.0,-1.8,1.38,0.88,0.7,-3.1,False,False,False,False,False,False,False,False,False,False,False,False,B10_1_H
75,92.0,S,fwl3,False,0.1808780121624899,False,36.78020860128624,False,,,58.263444898219866,41.0,35.559,6.0,16.0,4.0,18.0,-0.8,-0.203,-0.338,-0.035,2.299,14.977999687194824,16.183000564575195,3.23799991607666,SER,0.0,0.0,0.3,-0.18,0.66,-0.1,-0.6,False,False,False,False,False,False,False,False,False,False,False,False,B10_1_H
76,93.0,R,fwl3,False,0.0,False,155.41135985635776,False,,,117.66637812582618,175.72,75.413,3.0,19.0,1.0,21.0,-4.0,0.208,-0.228,1.194,1.561,15.625,17.479999542236328,6.85099983215332,ARG,1.0,1.0,3.0,-2.53,0.64,-1.4,12.3,False,False,False,False,False,False,False,False,False,False,False,False,B10_1_H
77,94.0,V,fwl3,False,0.0,False,0.0,True,,,58.671558889549175,1.07,0.716,18.0,9.0,18.0,9.0,4.2,-0.37,-0.472,-0.225,4.058,14.817000389099121,14.140000343322754,8.204000473022461,VAL,0.0,0.0,-1.5,1.08,0.86,0.6,-2.6,False,False,False,False,False,False,False,False,False,False,False,False,B10_1_H
78,95.0,E,fwl3,False,0.028563645662413602,False,91.66937445146692,False,,,14.235437940074172,89.82,52.364,5.0,18.0,4.0,19.0,-3.5,-0.079,-0.289,0.233,1.936,13.26200008392334,14.303999900817871,11.4399995803833,GLU,-1.0,-1.0,3.0,-0.74,0.62,-0.7,8.2,False,False,False,False,False,False,False,False,False,False,False,False,B10_1_H
79,96.0,A,fwl3,False,0.5953061619542821,True,64.74920917359887,False,,,0.0,79.93,74.534,0.0,19.0,7.0,12.0,1.8,0.156,-0.057,0.628,1.559,12.508000373840332,11.562000274658203,14.163000106811523,ALA,0.0,0.0,-0.5,0.62,0.74,0.3,-1.6,False,False,False,False,False,False,False,False,False,False,False,False,B10_1_H
80,97.0,G,fwl3,False,0.0,False,0.0,False,,,31.45670931350768,43.68,54.234,1.0,18.0,3.0,16.0,-0.4,0.079,-0.139,0.302,1.491,8.824000358581543,11.345000267028809,13.13599967956543,GLY,0.0,0.0,0.0,0.48,0.72,0.3,-1.0,False,False,False,False,False,False,False,False,False,False,False,False,B10_1_H
81,98.0,D,fwl3,False,0.0015351860933147498,False,5.811775924691553,True,,,0.0,2.14,1.485,23.0,13.0,19.0,17.0,-3.5,-0.35,-0.452,-0.189,2.742,10.067999839782715,10.217000007629395,9.659000396728516,ASP,-1.0,-1.0,3.0,-0.9,0.62,-0.6,9.2,False,False,False,False,False,False,False,False,False,False,False,False,B10_1_H
82,99.0,E,fwl3,False,0.018084935695315836,False,58.040026184967104,False,,,56.31290774338491,60.79,35.44,10.0,16.0,11.0,15.0,-3.5,-0.224,-0.38,0.007,1.799,11.42300033569336,6.943999767303467,11.161999702453613,GLU,-1.0,-1.0,3.0,-0.74,0.62,-0.7,8.2,False,False,False,False,False,False,False,False,False,False,False,False,B10_1_H
83,100.0,A,fwl3,False,0.0,False,0.0,True,,,0.0,2.55,2.378,17.0,12.0,11.0,18.0,1.8,-0.366,-0.416,-0.269,2.486,9.465999603271484,4.321000099182129,9.458999633789062,ALA,0.0,0.0,-0.5,0.62,0.74,0.3,-1.6,False,False,False,False,False,False,False,False,False,False,False,False,B10_1_H
84,101.0,D,fwl3,False,0.011411080307773776,False,43.19908973657215,False,,,55.9062621425859,33.27,23.095,17.0,22.0,17.0,22.0,-3.5,-0.369,-0.453,-0.234,2.17,9.234000205993652,1.6100000143051147,6.705999851226807,ASP,-1.0,-1.0,3.0,-0.9,0.62,-0.6,9.2,False,False,False,False,False,False,False,False,False,False,False,False,B10_1_H
85,102.0,Y,fwl3,False,0.0,False,0.0,True,,,54.33956199968155,0.0,0.0,23.0,22.0,23.0,22.0,-1.3,-0.502,-0.531,-0.467,4.673,8.857000350952148,2.937000036239624,3.234999895095825,TYR,0.0,-1.0,-2.3,0.26,0.76,-0.4,0.7,False,False,False,False,False,False,False,False,False,False,False,False,B10_1_H
86,103.0,Y,fwl3,False,0.04334599015625408,False,9.211022908203992,True,,,0.0,7.65,3.588,17.0,26.0,16.0,27.0,-1.3,-0.449,-0.531,-0.323,4.121,7.333000183105469,0.8289999961853027,0.3659999966621399,TYR,0.0,-1.0,-2.3,0.26,0.76,-0.4,0.7,False,False,False,False,False,False,False,False,False,False,False,False,B10_1_H
87,104.0,C,fwl3,False,0.0,False,0.0,True,,,120.154073260395,0.0,0.0,27.0,25.0,29.0,23.0,2.5,-0.509,-0.534,-0.478,6.821,7.310999870300293,1.5759999752044678,-3.322999954223633,CYS,0.0,-1.0,-1.0,0.29,0.91,0.9,-2.0,False,False,False,False,False,False,False,False,False,False,False,False,B10_1_H
88,105.0,Q,cdrl3,False,0.01481819399710896,False,8.501274643759722,True,,,51.044298452744414,5.1,2.865,20.0,26.0,20.0,26.0,-3.5,-0.473,-0.51,-0.441,3.935,4.3520002365112305,0.28600001335144043,-5.303999900817871,GLN,0.0,0.0,0.2,-0.85,0.62,-0.7,4.1,False,False,False,False,False,False,False,False,False,False,False,False,B10_1_H
89,106.0,V,cdrl3,False,0.0,False,0.0,True,,,109.44856553140855,0.0,0.0,21.0,19.0,24.0,16.0,4.2,-0.455,-0.5,-0.418,4.197,3.6040000915527344,-0.00800000037997961,-8.704000473022461,VAL,0.0,0.0,-1.5,1.08,0.86,0.6,-2.6,False,False,False,False,False,False,False,False,False,False,False,False,B10_1_H
90,107.0,Y,cdrl3,False,0.43016567149282686,False,91.4102051922257,False,,,1.690128802963932,91.43,42.883,10.0,21.0,12.0,19.0,-1.3,-0.252,-0.406,0.069,1.714,0.8619999885559082,-1.4509999752044678,-11.13599967956543,TYR,0.0,-1.0,-2.3,0.26,0.76,-0.4,0.7,False,False,False,False,False,False,False,False,False,False,False,False,B10_1_H
91,108.0,D,cdrl3,False,0.0050344548652051496,False,19.059007703990922,False,,,25.836006428543122,13.93,9.67,13.0,10.0,12.0,11.0,-3.5,-0.2,-0.314,-0.044,2.99,1.4839999675750732,-3.871999979019165,-13.809000015258789,ASP,-1.0,-1.0,3.0,-0.9,0.62,-0.6,9.2,False,False,False,False,False,False,False,False,False,False,False,False,B10_1_H
92,109.0,Y,cdrl3,False,0.49649708217825145,False,105.50562996287843,False,,,0.7886291745882154,118.8,55.72,3.0,12.0,2.0,13.0,-1.3,0.287,-0.035,0.797,1.716,-1.4559999704360962,-3.4860000610351562,-16.347000122070312,TYR,0.0,-1.0,-2.3,0.26,0.76,-0.4,0.7,False,False,False,False,False,False,False,False,False,False,False,False,B10_1_H
93,110.0,H,cdrl3,False,0.12658792645728814,False,115.8471326972758,False,,,38.61104233606675,159.96,88.41,3.0,7.0,0.0,10.0,-3.2,0.619,0.145,1.541,1.653,-0.2919999957084656,-6.244999885559082,-18.391000747680664,HIS,0.1,1.0,-0.5,-0.4,0.78,-0.1,3.0,False,False,False,False,False,False,False,False,False,False,False,False,B10_1_H
94,113.0,S,cdrl3,False,0.17758271315274834,False,36.11013387228588,False,,,0.0,61.41,53.261,10.0,4.0,5.0,9.0,-0.8,0.063,-0.078,0.248,1.614,-0.9589999914169312,-8.824000358581543,-15.732999801635742,SER,0.0,0.0,0.3,-0.18,0.66,-0.1,-0.6,False,False,False,False,False,False,False,False,False,False,False,False,B10_1_H
95,114.0,D,cdrl3,False,0.011557171587282799,False,43.75214958042774,False,,,12.35407785403844,41.75,28.981,8.0,15.0,7.0,16.0,-3.5,0.015,-0.205,0.345,1.91,-3.3469998836517334,-6.741000175476074,-13.871999740600586,ASP,-1.0,-1.0,3.0,-0.9,0.62,-0.6,9.2,False,False,False,False,False,False,False,False,False,False,False,False,B10_1_H
96,115.0,V,cdrl3,False,0.26035687142435016,False,36.92333812927148,False,,,0.0,29.73,19.908,14.0,15.0,15.0,14.0,4.2,-0.263,-0.341,-0.132,2.141,-1.5,-7.114999771118164,-10.661999702453613,VAL,0.0,0.0,-1.5,1.08,0.86,0.6,-2.6,False,False,False,False,False,False,False,False,False,False,False,False,B10_1_H
97,116.0,E,cdrl3,False,0.007397464348231282,False,23.740699536184117,False,,,2.720255642551272,16.75,9.765,19.0,18.0,19.0,18.0,-3.5,-0.406,-0.447,-0.349,2.436,-0.47099998593330383,-4.840000152587891,-7.749000072479248,GLU,-1.0,-1.0,3.0,-0.74,0.62,-0.7,8.2,False,False,False,False,False,False,False,False,False,False,False,False,B10_1_H
98,117.0,V,cdrl3,False,0.14403030409752135,False,20.426115853830304,False,,,2.597182361583922,22.09,14.792,18.0,19.0,14.0,23.0,4.2,-0.358,-0.435,-0.271,2.347,3.2149999141693115,-5.175000190734863,-6.909999847412109,VAL,0.0,0.0,-1.5,1.08,0.86,0.6,-2.6,False,False,False,False,False,False,False,False,False,False,False,False,B10_1_H
99,118.0,F,fwl4,False,0.02474141023334736,False,4.329746790835788,False,,,42.42968415858908,16.66,8.291,17.0,20.0,19.0,18.0,2.8,-0.431,-0.493,-0.323,3.295,5.125,-4.03000020980835,-3.878000020980835,PHE,0.0,0.0,-2.5,1.19,0.88,0.5,-3.7,False,False,False,False,False,False,False,False,False,False,False,False,B10_1_H
100,119.0,G,fwl4,False,0.0,False,0.0,True,,,66.98087652954617,0.85,1.055,24.0,12.0,21.0,15.0,-0.4,-0.367,-0.423,-0.296,2.289,8.807000160217285,-3.752000093460083,-3.25600004196167,GLY,0.0,0.0,0.0,0.48,0.72,0.3,-1.0,False,False,False,False,False,False,False,False,False,False,False,False,B10_1_H
101,120.0,G,fwl4,False,0.0,False,0.0,False,,,179.28818043093383,60.0,74.497,10.0,17.0,6.0,21.0,-0.4,-0.203,-0.248,-0.113,1.491,10.322999954223633,-5.625999927520752,-0.3919999897480011,GLY,0.0,0.0,0.0,0.48,0.72,0.3,-1.0,False,False,False,False,False,False,False,False,False,False,False,False,B10_1_H
102,121.0,G,fwl4,False,0.0,False,0.0,False,,,65.77344584826717,7.91,9.821,13.0,22.0,19.0,16.0,-0.4,-0.341,-0.416,-0.242,1.966,10.255999565124512,-2.385999917984009,1.815000057220459,GLY,0.0,0.0,0.0,0.48,0.72,0.3,-1.0,False,False,False,False,False,False,False,False,False,False,False,False,B10_1_H
103,122.0,T,fwl4,False,0.0,False,0.0,True,,,26.495746492574096,0.0,0.0,19.0,17.0,17.0,19.0,-0.7,-0.369,-0.434,-0.271,3.025,13.020000457763672,-0.18799999356269836,3.2109999656677246,THR,0.0,0.0,-0.4,-0.05,0.7,-0.2,-1.2,False,False,False,False,False,False,False,False,False,False,False,False,B10_1_H
104,123.0,K,fwl4,False,0.20917911816079732,False,123.43785417969312,False,,,49.45856673068929,133.61,68.12,7.0,26.0,8.0,25.0,-3.9,-0.057,-0.328,0.877,1.742,13.24899959564209,0.5299999713897705,6.918000221252441,LYS,1.0,1.0,3.0,-1.5,0.52,-1.8,8.8,False,False,False,False,False,False,False,False,False,False,False,False,B10_1_H
105,124.0,L,fwl4,False,0.0,False,0.0,True,,,21.4193574461885,1.07,0.602,25.0,12.0,24.0,13.0,3.8,-0.441,-0.507,-0.349,4.053,14.491000175476074,4.017000198364258,7.499000072479248,LEU,0.0,0.0,-1.8,1.06,0.85,0.5,-2.8,False,False,False,False,False,False,False,False,False,False,False,False,B10_1_H
106,125.0,T,fwl4,False,0.2349369310189444,False,48.55363241058184,False,,,88.03354082426513,45.42,33.253,5.0,21.0,5.0,21.0,-0.7,-0.112,-0.301,0.24,2.028,16.176000595092773,4.438000202178955,10.734000205993652,THR,0.0,0.0,-0.4,-0.05,0.7,-0.2,-1.2,False,False,False,False,False,False,False,False,False,False,False,False,B10_1_H
107,126.0,V,fwl4,False,0.020964850946932654,False,2.9731970433831765,False,,,4.171844068346017,12.41,8.31,14.0,10.0,16.0,8.0,4.2,-0.234,-0.392,0.022,2.683,16.68899917602539,8.039999961853027,11.958000183105469,VAL,0.0,0.0,-1.5,1.08,0.86,0.6,-2.6,False,False,False,False,False,False,False,False,False,False,False,False,B10_1_H
108,127.0,L,fwl4,False,0.9044453288906098,True,131.3987381315096,False,,,0.0,156.6,88.042,6.0,11.0,,,3.8,0.382,-0.07,0.93,1.744,20.02899932861328,8.095999717712402,14.12600040435791,LEU,0.0,0.0,-1.8,1.06,0.85,0.5,-2.8,False,False,False,False,False,False,False,False,False,False,False,False,B10_1_H
